epoch,train_loss,train_acc,val_loss,val_acc
1,2.2540741851241317,0.43437169138716475,1.402843041317414,0.6294699582501362
2,1.5362065481716483,0.5765072704490486,1.2235714824798212,0.6750771464875658
3,1.365703343623707,0.6190129284805392,1.1291659745834206,0.6988564167725541
