epoch,train_loss,train_acc,val_loss,val_acc
1,2.2540553713158413,0.4358384085632971,1.3683761426802663,0.6336449446360501
2,1.571482599943561,0.5734669891501782,1.1574006314977887,0.689508077691051
3,1.3975762003589047,0.6129517926003633,1.0891736754381758,0.7076148121256126
