epoch,train_loss,train_acc,val_loss,val_acc
1,2.343486787725137,0.4215014910005731,1.7289458040014805,0.5552278090397531
2,1.65953605363366,0.5542053986848112,1.393633749214961,0.6340079869304774
3,1.4761720680903094,0.595836854425892,1.2790918377809462,0.6678163005990198
